Subject,Measure,Frequency,Country,Period,Value,Flags
"Gross domestic product - expenditure approach","Millions of US dollars, current prices, current PPPs, annual levels, seasonally adjusted","Quarterly","Austria","Q1-2006",294975.55601,
"Gross domestic product - expenditure approach","Millions of US dollars, current prices, current PPPs, annual levels, seasonally adjusted","Quarterly","Austria","Q2-2006",299644.01243,
"Gross domestic product - expenditure approach","Millions of US dollars, current prices, current PPPs, annual levels, seasonally adjusted","Quarterly","Austria","Q3-2006",305663.09884,
"Gross domestic product - expenditure approach","Millions of US dollars, current prices, current PPPs, annual levels, seasonally adjusted","Quarterly","Austria","Q4-2006",308647.45407,
"Gross domestic product - expenditure approach","Millions of US dollars, current prices, current PPPs, annual levels, seasonally adjusted","Quarterly","Austria","Q1-2007",314221.10638,
"Gross domestic product - expenditure approach","Millions of US dollars, current prices, current PPPs, annual levels, seasonally adjusted","Quarterly","Austria","Q2-2007",315079.74199,
"Gross domestic product - expenditure approach","Millions of US dollars, current prices, current PPPs, annual levels, seasonally adjusted","Quarterly","Austria","Q3-2007",314799.1215,
"Gross domestic product - expenditure approach","Millions of US dollars, current prices, current PPPs, annual levels, seasonally adjusted","Quarterly","Austria","Q4-2007",319371.65415,
"Gross domestic product - expenditure approach","Millions of US dollars, current prices, current PPPs, annual levels, seasonally adjusted","Quarterly","Austria","Q1-2008",329042.4042,
"Gross domestic product - expenditure approach","Millions of US dollars, current prices, current PPPs, annual levels, seasonally adjusted","Quarterly","Austria","Q2-2008",333653.7888,
"Gross domestic product - expenditure approach","Millions of US dollars, current prices, current PPPs, annual levels, seasonally adjusted","Quarterly","Austria","Q3-2008",333915.36727,
"Gross domestic product - expenditure approach","Millions of US dollars, current prices, current PPPs, annual levels, seasonally adjusted","Quarterly","Austria","Q4-2008",329090.27145,
"Gross domestic product - expenditure approach","Millions of US dollars, current prices, current PPPs, annual levels, seasonally adjusted","Quarterly","Austria","Q1-2009",323092.31396,
"Gross domestic product - expenditure approach","Millions of US dollars, current prices, current PPPs, annual levels, seasonally adjusted","Quarterly","Austria","Q2-2009",321923.39116,
"Gross domestic product - expenditure approach","Millions of US dollars, current prices, current PPPs, annual levels, seasonally adjusted","Quarterly","Austria","Q3-2009",324627.77852,
"Gross domestic product - expenditure approach","Millions of US dollars, current prices, current PPPs, annual levels, seasonally adjusted","Quarterly","Austria","Q4-2009",330017.25088,
"Gross domestic product - expenditure approach","Millions of US dollars, current prices, current PPPs, annual levels, seasonally adjusted","Quarterly","Austria","Q1-2010",327028.48857,
"Gross domestic product - expenditure approach","Millions of US dollars, current prices, current PPPs, annual levels, seasonally adjusted","Quarterly","Austria","Q2-2010",332841.94094,
"Gross domestic product - expenditure approach","Millions of US dollars, current prices, current PPPs, annual levels, seasonally adjusted","Quarterly","Austria","Q3-2010",339464.62018,
"Gross domestic product - expenditure approach","Millions of US dollars, current prices, current PPPs, annual levels, seasonally adjusted","Quarterly","Austria","Q4-2010",341371.63477,
"Gross domestic product - expenditure approach","Millions of US dollars, current prices, current PPPs, annual levels, seasonally adjusted","Quarterly","Austria","Q1-2011",346557.48934,E
"Gross domestic product - expenditure approach","Millions of US dollars, current prices, current PPPs, annual levels, seasonally adjusted","Quarterly","Austria","Q2-2011",349814.41753,E
"Gross domestic product - expenditure approach","Millions of US dollars, current prices, current PPPs, annual levels, seasonally adjusted","Quarterly","Austria","Q3-2011",353831.61304,E
"Gross fixed capital formation","Millions of US dollars, current prices, current PPPs, annual levels, seasonally adjusted","Quarterly","Austria","Q1-2006",62877.98186,
"Gross fixed capital formation","Millions of US dollars, current prices, current PPPs, annual levels, seasonally adjusted","Quarterly","Austria","Q2-2006",64300.40572,
"Gross fixed capital formation","Millions of US dollars, current prices, current PPPs, annual levels, seasonally adjusted","Quarterly","Austria","Q3-2006",65281.19122,
"Gross fixed capital formation","Millions of US dollars, current prices, current PPPs, annual levels, seasonally adjusted","Quarterly","Austria","Q4-2006",65960.91112,
"Gross fixed capital formation","Millions of US dollars, current prices, current PPPs, annual levels, seasonally adjusted","Quarterly","Austria","Q1-2007",66863.64503,
"Gross fixed capital formation","Millions of US dollars, current prices, current PPPs, annual levels, seasonally adjusted","Quarterly","Austria","Q2-2007",67491.86889,
"Gross fixed capital formation","Millions of US dollars, current prices, current PPPs, annual levels, seasonally adjusted","Quarterly","Austria","Q3-2007",67779.60652,
"Gross fixed capital formation","Millions of US dollars, current prices, current PPPs, annual levels, seasonally adjusted","Quarterly","Austria","Q4-2007",68420.88407,
"Gross fixed capital formation","Millions of US dollars, current prices, current PPPs, annual levels, seasonally adjusted","Quarterly","Austria","Q1-2008",70310.75568,
"Gross fixed capital formation","Millions of US dollars, current prices, current PPPs, annual levels, seasonally adjusted","Quarterly","Austria","Q2-2008",71836.13979,
"Gross fixed capital formation","Millions of US dollars, current prices, current PPPs, annual levels, seasonally adjusted","Quarterly","Austria","Q3-2008",71747.85374,
"Gross fixed capital formation","Millions of US dollars, current prices, current PPPs, annual levels, seasonally adjusted","Quarterly","Austria","Q4-2008",70110.17728,
"Gross fixed capital formation","Millions of US dollars, current prices, current PPPs, annual levels, seasonally adjusted","Quarterly","Austria","Q1-2009",68626.35095,
"Gross fixed capital formation","Millions of US dollars, current prices, current PPPs, annual levels, seasonally adjusted","Quarterly","Austria","Q2-2009",67360.91023,
"Gross fixed capital formation","Millions of US dollars, current prices, current PPPs, annual levels, seasonally adjusted","Quarterly","Austria","Q3-2009",67123.33526,
"Gross fixed capital formation","Millions of US dollars, current prices, current PPPs, annual levels, seasonally adjusted","Quarterly","Austria","Q4-2009",66733.99095,
"Gross fixed capital formation","Millions of US dollars, current prices, current PPPs, annual levels, seasonally adjusted","Quarterly","Austria","Q1-2010",66766.46957,
"Gross fixed capital formation","Millions of US dollars, current prices, current PPPs, annual levels, seasonally adjusted","Quarterly","Austria","Q2-2010",67962.3895,
"Gross fixed capital formation","Millions of US dollars, current prices, current PPPs, annual levels, seasonally adjusted","Quarterly","Austria","Q3-2010",69486.00254,
"Gross fixed capital formation","Millions of US dollars, current prices, current PPPs, annual levels, seasonally adjusted","Quarterly","Austria","Q4-2010",70149.81691,
"Gross fixed capital formation","Millions of US dollars, current prices, current PPPs, annual levels, seasonally adjusted","Quarterly","Austria","Q1-2011",71162.85928,E
"Gross fixed capital formation","Millions of US dollars, current prices, current PPPs, annual levels, seasonally adjusted","Quarterly","Austria","Q2-2011",72635.94978,E
"Gross fixed capital formation","Millions of US dollars, current prices, current PPPs, annual levels, seasonally adjusted","Quarterly","Austria","Q3-2011",73382.59603,E
"Gross domestic product - expenditure approach","Millions of US dollars, current prices, current PPPs, annual levels, seasonally adjusted","Quarterly","Belgium","Q1-2006",352828.84455,
"Gross domestic product - expenditure approach","Millions of US dollars, current prices, current PPPs, annual levels, seasonally adjusted","Quarterly","Belgium","Q2-2006",357525.24429,
"Gross domestic product - expenditure approach","Millions of US dollars, current prices, current PPPs, annual levels, seasonally adjusted","Quarterly","Belgium","Q3-2006",364272.08948,
"Gross domestic product - expenditure approach","Millions of US dollars, current prices, current PPPs, annual levels, seasonally adjusted","Quarterly","Belgium","Q4-2006",369147.66374,
"Gross domestic product - expenditure approach","Millions of US dollars, current prices, current PPPs, annual levels, seasonally adjusted","Quarterly","Belgium","Q1-2007",374084.99038,
"Gross domestic product - expenditure approach","Millions of US dollars, current prices, current PPPs, annual levels, seasonally adjusted","Quarterly","Belgium","Q2-2007",376195.76461,
"Gross domestic product - expenditure approach","Millions of US dollars, current prices, current PPPs, annual levels, seasonally adjusted","Quarterly","Belgium","Q3-2007",380488.3839,
"Gross domestic product - expenditure approach","Millions of US dollars, current prices, current PPPs, annual levels, seasonally adjusted","Quarterly","Belgium","Q4-2007",383708.70063,
"Gross domestic product - expenditure approach","Millions of US dollars, current prices, current PPPs, annual levels, seasonally adjusted","Quarterly","Belgium","Q1-2008",390571.21609,
"Gross domestic product - expenditure approach","Millions of US dollars, current prices, current PPPs, annual levels, seasonally adjusted","Quarterly","Belgium","Q2-2008",396764.32095,
"Gross domestic product - expenditure approach","Millions of US dollars, current prices, current PPPs, annual levels, seasonally adjusted","Quarterly","Belgium","Q3-2008",400778.36981,
"Gross domestic product - expenditure approach","Millions of US dollars, current prices, current PPPs, annual levels, seasonally adjusted","Quarterly","Belgium","Q4-2008",394326.79247,
"Gross domestic product - expenditure approach","Millions of US dollars, current prices, current PPPs, annual levels, seasonally adjusted","Quarterly","Belgium","Q1-2009",388867.53325,
"Gross domestic product - expenditure approach","Millions of US dollars, current prices, current PPPs, annual levels, seasonally adjusted","Quarterly","Belgium","Q2-2009",390044.14061,
"Gross domestic product - expenditure approach","Millions of US dollars, current prices, current PPPs, annual levels, seasonally adjusted","Quarterly","Belgium","Q3-2009",395871.11797,
"Gross domestic product - expenditure approach","Millions of US dollars, current prices, current PPPs, annual levels, seasonally adjusted","Quarterly","Belgium","Q4-2009",397566.68972,
"Gross domestic product - expenditure approach","Millions of US dollars, current prices, current PPPs, annual levels, seasonally adjusted","Quarterly","Belgium","Q1-2010",399662.93715,
"Gross domestic product - expenditure approach","Millions of US dollars, current prices, current PPPs, annual levels, seasonally adjusted","Quarterly","Belgium","Q2-2010",407978.33586,
"Gross domestic product - expenditure approach","Millions of US dollars, current prices, current PPPs, annual levels, seasonally adjusted","Quarterly","Belgium","Q3-2010",413409.63324,
"Gross domestic product - expenditure approach","Millions of US dollars, current prices, current PPPs, annual levels, seasonally adjusted","Quarterly","Belgium","Q4-2010",415058.72312,
"Gross domestic product - expenditure approach","Millions of US dollars, current prices, current PPPs, annual levels, seasonally adjusted","Quarterly","Belgium","Q1-2011",419984.24768,E
"Gross domestic product - expenditure approach","Millions of US dollars, current prices, current PPPs, annual levels, seasonally adjusted","Quarterly","Belgium","Q2-2011",423790.70376,E
"Gross fixed capital formation","Millions of US dollars, current prices, current PPPs, annual levels, seasonally adjusted","Quarterly","Belgium","Q1-2006",73524.00892,
"Gross fixed capital formation","Millions of US dollars, current prices, current PPPs, annual levels, seasonally adjusted","Quarterly","Belgium","Q2-2006",74688.12077,
"Gross fixed capital formation","Millions of US dollars, current prices, current PPPs, annual levels, seasonally adjusted","Quarterly","Belgium","Q3-2006",77026.19706,
"Gross fixed capital formation","Millions of US dollars, current prices, current PPPs, annual levels, seasonally adjusted","Quarterly","Belgium","Q4-2006",77135.1971,
"Gross fixed capital formation","Millions of US dollars, current prices, current PPPs, annual levels, seasonally adjusted","Quarterly","Belgium","Q1-2007",79301.86698,
"Gross fixed capital formation","Millions of US dollars, current prices, current PPPs, annual levels, seasonally adjusted","Quarterly","Belgium","Q2-2007",80755.88018,
"Gross fixed capital formation","Millions of US dollars, current prices, current PPPs, annual levels, seasonally adjusted","Quarterly","Belgium","Q3-2007",83151.56586,
"Gross fixed capital formation","Millions of US dollars, current prices, current PPPs, annual levels, seasonally adjusted","Quarterly","Belgium","Q4-2007",85492.34022,
"Gross fixed capital formation","Millions of US dollars, current prices, current PPPs, annual levels, seasonally adjusted","Quarterly","Belgium","Q1-2008",88223.16671,
"Gross fixed capital formation","Millions of US dollars, current prices, current PPPs, annual levels, seasonally adjusted","Quarterly","Belgium","Q2-2008",89428.66424,
"Gross fixed capital formation","Millions of US dollars, current prices, current PPPs, annual levels, seasonally adjusted","Quarterly","Belgium","Q3-2008",88953.62896,
"Gross fixed capital formation","Millions of US dollars, current prices, current PPPs, annual levels, seasonally adjusted","Quarterly","Belgium","Q4-2008",87807.51589,
"Gross fixed capital formation","Millions of US dollars, current prices, current PPPs, annual levels, seasonally adjusted","Quarterly","Belgium","Q1-2009",84135.9032,
"Gross fixed capital formation","Millions of US dollars, current prices, current PPPs, annual levels, seasonally adjusted","Quarterly","Belgium","Q2-2009",82826.42496,
"Gross fixed capital formation","Millions of US dollars, current prices, current PPPs, annual levels, seasonally adjusted","Quarterly","Belgium","Q3-2009",80213.01305,
"Gross fixed capital formation","Millions of US dollars, current prices, current PPPs, annual levels, seasonally adjusted","Quarterly","Belgium","Q4-2009",81598.08875,
"Gross fixed capital formation","Millions of US dollars, current prices, current PPPs, annual levels, seasonally adjusted","Quarterly","Belgium","Q1-2010",80475.1895,
"Gross fixed capital formation","Millions of US dollars, current prices, current PPPs, annual levels, seasonally adjusted","Quarterly","Belgium","Q2-2010",82113.35338,
"Gross fixed capital formation","Millions of US dollars, current prices, current PPPs, annual levels, seasonally adjusted","Quarterly","Belgium","Q3-2010",83816.63507,
"Gross fixed capital formation","Millions of US dollars, current prices, current PPPs, annual levels, seasonally adjusted","Quarterly","Belgium","Q4-2010",83676.52267,
"Gross fixed capital formation","Millions of US dollars, current prices, current PPPs, annual levels, seasonally adjusted","Quarterly","Belgium","Q1-2011",86164.61675,E
"Gross fixed capital formation","Millions of US dollars, current prices, current PPPs, annual levels, seasonally adjusted","Quarterly","Belgium","Q2-2011",88721.4926,E
"Gross domestic product - expenditure approach","Millions of US dollars, current prices, current PPPs, annual levels, seasonally adjusted","Quarterly","Finland","Q1-2006",168873.18343,
"Gross domestic product - expenditure approach","Millions of US dollars, current prices, current PPPs, annual levels, seasonally adjusted","Quarterly","Finland","Q2-2006",172661.07494,
"Gross domestic product - expenditure approach","Millions of US dollars, current prices, current PPPs, annual levels, seasonally adjusted","Quarterly","Finland","Q3-2006",175995.72236,
"Gross domestic product - expenditure approach","Millions of US dollars, current prices, current PPPs, annual levels, seasonally adjusted","Quarterly","Finland","Q4-2006",179742.60173,
"Gross domestic product - expenditure approach","Millions of US dollars, current prices, current PPPs, annual levels, seasonally adjusted","Quarterly","Finland","Q1-2007",184940.65971,
"Gross domestic product - expenditure approach","Millions of US dollars, current prices, current PPPs, annual levels, seasonally adjusted","Quarterly","Finland","Q2-2007",189816.07687,
"Gross domestic product - expenditure approach","Millions of US dollars, current prices, current PPPs, annual levels, seasonally adjusted","Quarterly","Finland","Q3-2007",193467.61216,
"Gross domestic product - expenditure approach","Millions of US dollars, current prices, current PPPs, annual levels, seasonally adjusted","Quarterly","Finland","Q4-2007",196560.70445,
"Gross domestic product - expenditure approach","Millions of US dollars, current prices, current PPPs, annual levels, seasonally adjusted","Quarterly","Finland","Q1-2008",199763.9663,
"Gross domestic product - expenditure approach","Millions of US dollars, current prices, current PPPs, annual levels, seasonally adjusted","Quarterly","Finland","Q2-2008",202900.06106,
"Gross domestic product - expenditure approach","Millions of US dollars, current prices, current PPPs, annual levels, seasonally adjusted","Quarterly","Finland","Q3-2008",205522.17917,
"Gross domestic product - expenditure approach","Millions of US dollars, current prices, current PPPs, annual levels, seasonally adjusted","Quarterly","Finland","Q4-2008",198833.90492,
"Gross domestic product - expenditure approach","Millions of US dollars, current prices, current PPPs, annual levels, seasonally adjusted","Quarterly","Finland","Q1-2009",189919.0231,
"Gross domestic product - expenditure approach","Millions of US dollars, current prices, current PPPs, annual levels, seasonally adjusted","Quarterly","Finland","Q2-2009",188890.17904,
"Gross domestic product - expenditure approach","Millions of US dollars, current prices, current PPPs, annual levels, seasonally adjusted","Quarterly","Finland","Q3-2009",191732.79124,
"Gross domestic product - expenditure approach","Millions of US dollars, current prices, current PPPs, annual levels, seasonally adjusted","Quarterly","Finland","Q4-2009",190425.27716,
"Gross domestic product - expenditure approach","Millions of US dollars, current prices, current PPPs, annual levels, seasonally adjusted","Quarterly","Finland","Q1-2010",191101.4278,
"Gross domestic product - expenditure approach","Millions of US dollars, current prices, current PPPs, annual levels, seasonally adjusted","Quarterly","Finland","Q2-2010",196727.87042,
"Gross domestic product - expenditure approach","Millions of US dollars, current prices, current PPPs, annual levels, seasonally adjusted","Quarterly","Finland","Q3-2010",197939.08999,
"Gross domestic product - expenditure approach","Millions of US dollars, current prices, current PPPs, annual levels, seasonally adjusted","Quarterly","Finland","Q4-2010",200041.06013,
"Gross domestic product - expenditure approach","Millions of US dollars, current prices, current PPPs, annual levels, seasonally adjusted","Quarterly","Finland","Q1-2011",206748.33933,E
"Gross domestic product - expenditure approach","Millions of US dollars, current prices, current PPPs, annual levels, seasonally adjusted","Quarterly","Finland","Q2-2011",209920.7912,E
"Gross fixed capital formation","Millions of US dollars, current prices, current PPPs, annual levels, seasonally adjusted","Quarterly","Finland","Q1-2006",34369.36308,
"Gross fixed capital formation","Millions of US dollars, current prices, current PPPs, annual levels, seasonally adjusted","Quarterly","Finland","Q2-2006",34187.76869,
"Gross fixed capital formation","Millions of US dollars, current prices, current PPPs, annual levels, seasonally adjusted","Quarterly","Finland","Q3-2006",35381.10687,
"Gross fixed capital formation","Millions of US dollars, current prices, current PPPs, annual levels, seasonally adjusted","Quarterly","Finland","Q4-2006",35569.9544,
"Gross fixed capital formation","Millions of US dollars, current prices, current PPPs, annual levels, seasonally adjusted","Quarterly","Finland","Q1-2007",37546.40831,
"Gross fixed capital formation","Millions of US dollars, current prices, current PPPs, annual levels, seasonally adjusted","Quarterly","Finland","Q2-2007",41998.48055,
"Gross fixed capital formation","Millions of US dollars, current prices, current PPPs, annual levels, seasonally adjusted","Quarterly","Finland","Q3-2007",41011.41013,
"Gross fixed capital formation","Millions of US dollars, current prices, current PPPs, annual levels, seasonally adjusted","Quarterly","Finland","Q4-2007",42625.61836,
"Gross fixed capital formation","Millions of US dollars, current prices, current PPPs, annual levels, seasonally adjusted","Quarterly","Finland","Q1-2008",43488.2023,
"Gross fixed capital formation","Millions of US dollars, current prices, current PPPs, annual levels, seasonally adjusted","Quarterly","Finland","Q2-2008",43283.4352,
"Gross fixed capital formation","Millions of US dollars, current prices, current PPPs, annual levels, seasonally adjusted","Quarterly","Finland","Q3-2008",44911.98058,
"Gross fixed capital formation","Millions of US dollars, current prices, current PPPs, annual levels, seasonally adjusted","Quarterly","Finland","Q4-2008",41292.48561,
"Gross fixed capital formation","Millions of US dollars, current prices, current PPPs, annual levels, seasonally adjusted","Quarterly","Finland","Q1-2009",39214.10203,
"Gross fixed capital formation","Millions of US dollars, current prices, current PPPs, annual levels, seasonally adjusted","Quarterly","Finland","Q2-2009",37870.34891,
"Gross fixed capital formation","Millions of US dollars, current prices, current PPPs, annual levels, seasonally adjusted","Quarterly","Finland","Q3-2009",35973.50667,
"Gross fixed capital formation","Millions of US dollars, current prices, current PPPs, annual levels, seasonally adjusted","Quarterly","Finland","Q4-2009",36242.78358,
"Gross fixed capital formation","Millions of US dollars, current prices, current PPPs, annual levels, seasonally adjusted","Quarterly","Finland","Q1-2010",35494.69125,
"Gross fixed capital formation","Millions of US dollars, current prices, current PPPs, annual levels, seasonally adjusted","Quarterly","Finland","Q2-2010",36614.39941,
"Gross fixed capital formation","Millions of US dollars, current prices, current PPPs, annual levels, seasonally adjusted","Quarterly","Finland","Q3-2010",37594.45781,
"Gross fixed capital formation","Millions of US dollars, current prices, current PPPs, annual levels, seasonally adjusted","Quarterly","Finland","Q4-2010",38118.91133,
"Gross fixed capital formation","Millions of US dollars, current prices, current PPPs, annual levels, seasonally adjusted","Quarterly","Finland","Q1-2011",38494.69206,E
"Gross fixed capital formation","Millions of US dollars, current prices, current PPPs, annual levels, seasonally adjusted","Quarterly","Finland","Q2-2011",39884.38447,E
"Gross domestic product - expenditure approach","Millions of US dollars, current prices, current PPPs, annual levels, seasonally adjusted","Quarterly","France","Q1-2006",1940230.09138,
"Gross domestic product - expenditure approach","Millions of US dollars, current prices, current PPPs, annual levels, seasonally adjusted","Quarterly","France","Q2-2006",1984354.4885,
"Gross domestic product - expenditure approach","Millions of US dollars, current prices, current PPPs, annual levels, seasonally adjusted","Quarterly","France","Q3-2006",2008541.72637,
"Gross domestic product - expenditure approach","Millions of US dollars, current prices, current PPPs, annual levels, seasonally adjusted","Quarterly","France","Q4-2006",2037459.639,
"Gross domestic product - expenditure approach","Millions of US dollars, current prices, current PPPs, annual levels, seasonally adjusted","Quarterly","France","Q1-2007",2076237.08587,
"Gross domestic product - expenditure approach","Millions of US dollars, current prices, current PPPs, annual levels, seasonally adjusted","Quarterly","France","Q2-2007",2107613.7439,
"Gross domestic product - expenditure approach","Millions of US dollars, current prices, current PPPs, annual levels, seasonally adjusted","Quarterly","France","Q3-2007",2131375.22739,
"Gross domestic product - expenditure approach","Millions of US dollars, current prices, current PPPs, annual levels, seasonally adjusted","Quarterly","France","Q4-2007",2144851.81152,
"Gross domestic product - expenditure approach","Millions of US dollars, current prices, current PPPs, annual levels, seasonally adjusted","Quarterly","France","Q1-2008",2167599.26639,
"Gross domestic product - expenditure approach","Millions of US dollars, current prices, current PPPs, annual levels, seasonally adjusted","Quarterly","France","Q2-2008",2176321.38028,
"Gross domestic product - expenditure approach","Millions of US dollars, current prices, current PPPs, annual levels, seasonally adjusted","Quarterly","France","Q3-2008",2197787.48999,
"Gross domestic product - expenditure approach","Millions of US dollars, current prices, current PPPs, annual levels, seasonally adjusted","Quarterly","France","Q4-2008",2164538.06686,
"Gross domestic product - expenditure approach","Millions of US dollars, current prices, current PPPs, annual levels, seasonally adjusted","Quarterly","France","Q1-2009",2142068.8944,
"Gross domestic product - expenditure approach","Millions of US dollars, current prices, current PPPs, annual levels, seasonally adjusted","Quarterly","France","Q2-2009",2147529.67827,
"Gross domestic product - expenditure approach","Millions of US dollars, current prices, current PPPs, annual levels, seasonally adjusted","Quarterly","France","Q3-2009",2156528.53058,
"Gross domestic product - expenditure approach","Millions of US dollars, current prices, current PPPs, annual levels, seasonally adjusted","Quarterly","France","Q4-2009",2165410.84387,
"Gross domestic product - expenditure approach","Millions of US dollars, current prices, current PPPs, annual levels, seasonally adjusted","Quarterly","France","Q1-2010",2168218.26783,
"Gross domestic product - expenditure approach","Millions of US dollars, current prices, current PPPs, annual levels, seasonally adjusted","Quarterly","France","Q2-2010",2185969.34224,
"Gross domestic product - expenditure approach","Millions of US dollars, current prices, current PPPs, annual levels, seasonally adjusted","Quarterly","France","Q3-2010",2203389.24045,
"Gross domestic product - expenditure approach","Millions of US dollars, current prices, current PPPs, annual levels, seasonally adjusted","Quarterly","France","Q4-2010",2212594.89576,
"Gross domestic product - expenditure approach","Millions of US dollars, current prices, current PPPs, annual levels, seasonally adjusted","Quarterly","France","Q1-2011",2244821.82376,E
"Gross domestic product - expenditure approach","Millions of US dollars, current prices, current PPPs, annual levels, seasonally adjusted","Quarterly","France","Q2-2011",2253249.29925,E
"Gross domestic product - expenditure approach","Millions of US dollars, current prices, current PPPs, annual levels, seasonally adjusted","Quarterly","France","Q3-2011",2270217.24098,E
"Gross fixed capital formation","Millions of US dollars, current prices, current PPPs, annual levels, seasonally adjusted","Quarterly","France","Q1-2006",381747.15285,
"Gross fixed capital formation","Millions of US dollars, current prices, current PPPs, annual levels, seasonally adjusted","Quarterly","France","Q2-2006",395637.76863,
"Gross fixed capital formation","Millions of US dollars, current prices, current PPPs, annual levels, seasonally adjusted","Quarterly","France","Q3-2006",403752.3119,
"Gross fixed capital formation","Millions of US dollars, current prices, current PPPs, annual levels, seasonally adjusted","Quarterly","France","Q4-2006",416128.02772,
"Gross fixed capital formation","Millions of US dollars, current prices, current PPPs, annual levels, seasonally adjusted","Quarterly","France","Q1-2007",427586.47127,
"Gross fixed capital formation","Millions of US dollars, current prices, current PPPs, annual levels, seasonally adjusted","Quarterly","France","Q2-2007",438405.47763,
"Gross fixed capital formation","Millions of US dollars, current prices, current PPPs, annual levels, seasonally adjusted","Quarterly","France","Q3-2007",446275.56221,
"Gross fixed capital formation","Millions of US dollars, current prices, current PPPs, annual levels, seasonally adjusted","Quarterly","France","Q4-2007",456259.05555,
"Gross fixed capital formation","Millions of US dollars, current prices, current PPPs, annual levels, seasonally adjusted","Quarterly","France","Q1-2008",464923.12095,
"Gross fixed capital formation","Millions of US dollars, current prices, current PPPs, annual levels, seasonally adjusted","Quarterly","France","Q2-2008",469148.20239,
"Gross fixed capital formation","Millions of US dollars, current prices, current PPPs, annual levels, seasonally adjusted","Quarterly","France","Q3-2008",470842.25739,
"Gross fixed capital formation","Millions of US dollars, current prices, current PPPs, annual levels, seasonally adjusted","Quarterly","France","Q4-2008",447927.83452,
"Gross fixed capital formation","Millions of US dollars, current prices, current PPPs, annual levels, seasonally adjusted","Quarterly","France","Q1-2009",433532.31308,
"Gross fixed capital formation","Millions of US dollars, current prices, current PPPs, annual levels, seasonally adjusted","Quarterly","France","Q2-2009",426546.15319,
"Gross fixed capital formation","Millions of US dollars, current prices, current PPPs, annual levels, seasonally adjusted","Quarterly","France","Q3-2009",422098.98411,
"Gross fixed capital formation","Millions of US dollars, current prices, current PPPs, annual levels, seasonally adjusted","Quarterly","France","Q4-2009",419521.34876,
"Gross fixed capital formation","Millions of US dollars, current prices, current PPPs, annual levels, seasonally adjusted","Quarterly","France","Q1-2010",414395.92891,
"Gross fixed capital formation","Millions of US dollars, current prices, current PPPs, annual levels, seasonally adjusted","Quarterly","France","Q2-2010",422660.61014,
"Gross fixed capital formation","Millions of US dollars, current prices, current PPPs, annual levels, seasonally adjusted","Quarterly","France","Q3-2010",426776.2384,
"Gross fixed capital formation","Millions of US dollars, current prices, current PPPs, annual levels, seasonally adjusted","Quarterly","France","Q4-2010",429469.23786,
"Gross fixed capital formation","Millions of US dollars, current prices, current PPPs, annual levels, seasonally adjusted","Quarterly","France","Q1-2011",439262.16758,E
"Gross fixed capital formation","Millions of US dollars, current prices, current PPPs, annual levels, seasonally adjusted","Quarterly","France","Q2-2011",445146.40323,E
"Gross fixed capital formation","Millions of US dollars, current prices, current PPPs, annual levels, seasonally adjusted","Quarterly","France","Q3-2011",448837.13174,E
"Gross domestic product - expenditure approach","Millions of US dollars, current prices, current PPPs, annual levels, seasonally adjusted","Quarterly","Germany","Q1-2006",2679432.03782,
"Gross domestic product - expenditure approach","Millions of US dollars, current prices, current PPPs, annual levels, seasonally adjusted","Quarterly","Germany","Q2-2006",2747585.67609,
"Gross domestic product - expenditure approach","Millions of US dollars, current prices, current PPPs, annual levels, seasonally adjusted","Quarterly","Germany","Q3-2006",2794587.01067,
"Gross domestic product - expenditure approach","Millions of US dollars, current prices, current PPPs, annual levels, seasonally adjusted","Quarterly","Germany","Q4-2006",2830166.24498,
"Gross domestic product - expenditure approach","Millions of US dollars, current prices, current PPPs, annual levels, seasonally adjusted","Quarterly","Germany","Q1-2007",2883340.20221,
"Gross domestic product - expenditure approach","Millions of US dollars, current prices, current PPPs, annual levels, seasonally adjusted","Quarterly","Germany","Q2-2007",2914575.1291,
"Gross domestic product - expenditure approach","Millions of US dollars, current prices, current PPPs, annual levels, seasonally adjusted","Quarterly","Germany","Q3-2007",2954162.3705,
"Gross domestic product - expenditure approach","Millions of US dollars, current prices, current PPPs, annual levels, seasonally adjusted","Quarterly","Germany","Q4-2007",2968470.16084,
"Gross domestic product - expenditure approach","Millions of US dollars, current prices, current PPPs, annual levels, seasonally adjusted","Quarterly","Germany","Q1-2008",3023330.16373,
"Gross domestic product - expenditure approach","Millions of US dollars, current prices, current PPPs, annual levels, seasonally adjusted","Quarterly","Germany","Q2-2008",3045289.34127,
"Gross domestic product - expenditure approach","Millions of US dollars, current prices, current PPPs, annual levels, seasonally adjusted","Quarterly","Germany","Q3-2008",3078983.70447,
"Gross domestic product - expenditure approach","Millions of US dollars, current prices, current PPPs, annual levels, seasonally adjusted","Quarterly","Germany","Q4-2008",3010963.34154,
"Gross domestic product - expenditure approach","Millions of US dollars, current prices, current PPPs, annual levels, seasonally adjusted","Quarterly","Germany","Q1-2009",2910724.99779,
"Gross domestic product - expenditure approach","Millions of US dollars, current prices, current PPPs, annual levels, seasonally adjusted","Quarterly","Germany","Q2-2009",2933310.57185,
"Gross domestic product - expenditure approach","Millions of US dollars, current prices, current PPPs, annual levels, seasonally adjusted","Quarterly","Germany","Q3-2009",2961151.7537,
"Gross domestic product - expenditure approach","Millions of US dollars, current prices, current PPPs, annual levels, seasonally adjusted","Quarterly","Germany","Q4-2009",2972273.927,
"Gross domestic product - expenditure approach","Millions of US dollars, current prices, current PPPs, annual levels, seasonally adjusted","Quarterly","Germany","Q1-2010",2973563.09061,
"Gross domestic product - expenditure approach","Millions of US dollars, current prices, current PPPs, annual levels, seasonally adjusted","Quarterly","Germany","Q2-2010",3029212.76295,
"Gross domestic product - expenditure approach","Millions of US dollars, current prices, current PPPs, annual levels, seasonally adjusted","Quarterly","Germany","Q3-2010",3065953.66771,
"Gross domestic product - expenditure approach","Millions of US dollars, current prices, current PPPs, annual levels, seasonally adjusted","Quarterly","Germany","Q4-2010",3084106.20372,
"Gross domestic product - expenditure approach","Millions of US dollars, current prices, current PPPs, annual levels, seasonally adjusted","Quarterly","Germany","Q1-2011",3144871.06074,E
"Gross domestic product - expenditure approach","Millions of US dollars, current prices, current PPPs, annual levels, seasonally adjusted","Quarterly","Germany","Q2-2011",3170352.5393,E
"Gross domestic product - expenditure approach","Millions of US dollars, current prices, current PPPs, annual levels, seasonally adjusted","Quarterly","Germany","Q3-2011",3196999.36744,E
"Gross fixed capital formation","Millions of US dollars, current prices, current PPPs, annual levels, seasonally adjusted","Quarterly","Germany","Q1-2006",465093.78913,
"Gross fixed capital formation","Millions of US dollars, current prices, current PPPs, annual levels, seasonally adjusted","Quarterly","Germany","Q2-2006",499313.98205,
"Gross fixed capital formation","Millions of US dollars, current prices, current PPPs, annual levels, seasonally adjusted","Quarterly","Germany","Q3-2006",508320.60824,
"Gross fixed capital formation","Millions of US dollars, current prices, current PPPs, annual levels, seasonally adjusted","Quarterly","Germany","Q4-2006",525907.42892,
"Gross fixed capital formation","Millions of US dollars, current prices, current PPPs, annual levels, seasonally adjusted","Quarterly","Germany","Q1-2007",538592.16643,
"Gross fixed capital formation","Millions of US dollars, current prices, current PPPs, annual levels, seasonally adjusted","Quarterly","Germany","Q2-2007",533926.44428,
"Gross fixed capital formation","Millions of US dollars, current prices, current PPPs, annual levels, seasonally adjusted","Quarterly","Germany","Q3-2007",538397.49196,
"Gross fixed capital formation","Millions of US dollars, current prices, current PPPs, annual levels, seasonally adjusted","Quarterly","Germany","Q4-2007",556391.70624,
"Gross fixed capital formation","Millions of US dollars, current prices, current PPPs, annual levels, seasonally adjusted","Quarterly","Germany","Q1-2008",566598.1733,
"Gross fixed capital formation","Millions of US dollars, current prices, current PPPs, annual levels, seasonally adjusted","Quarterly","Germany","Q2-2008",559909.64518,
"Gross fixed capital formation","Millions of US dollars, current prices, current PPPs, annual levels, seasonally adjusted","Quarterly","Germany","Q3-2008",571975.2916,
"Gross fixed capital formation","Millions of US dollars, current prices, current PPPs, annual levels, seasonally adjusted","Quarterly","Germany","Q4-2008",562642.99251,
"Gross fixed capital formation","Millions of US dollars, current prices, current PPPs, annual levels, seasonally adjusted","Quarterly","Germany","Q1-2009",512489.43058,
"Gross fixed capital formation","Millions of US dollars, current prices, current PPPs, annual levels, seasonally adjusted","Quarterly","Germany","Q2-2009",504067.03733,
"Gross fixed capital formation","Millions of US dollars, current prices, current PPPs, annual levels, seasonally adjusted","Quarterly","Germany","Q3-2009",505274.51643,
"Gross fixed capital formation","Millions of US dollars, current prices, current PPPs, annual levels, seasonally adjusted","Quarterly","Germany","Q4-2009",505485.06812,
"Gross fixed capital formation","Millions of US dollars, current prices, current PPPs, annual levels, seasonally adjusted","Quarterly","Germany","Q1-2010",501937.64615,
"Gross fixed capital formation","Millions of US dollars, current prices, current PPPs, annual levels, seasonally adjusted","Quarterly","Germany","Q2-2010",532911.60329,
"Gross fixed capital formation","Millions of US dollars, current prices, current PPPs, annual levels, seasonally adjusted","Quarterly","Germany","Q3-2010",542871.37248,
"Gross fixed capital formation","Millions of US dollars, current prices, current PPPs, annual levels, seasonally adjusted","Quarterly","Germany","Q4-2010",542829.46908,
"Gross fixed capital formation","Millions of US dollars, current prices, current PPPs, annual levels, seasonally adjusted","Quarterly","Germany","Q1-2011",571097.58124,E
"Gross fixed capital formation","Millions of US dollars, current prices, current PPPs, annual levels, seasonally adjusted","Quarterly","Germany","Q2-2011",575729.99991,E
"Gross fixed capital formation","Millions of US dollars, current prices, current PPPs, annual levels, seasonally adjusted","Quarterly","Germany","Q3-2011",582537.91247,E
"Gross domestic product - expenditure approach","Millions of US dollars, current prices, current PPPs, annual levels, seasonally adjusted","Quarterly","Greece","Q1-2006",292007.68375,
"Gross domestic product - expenditure approach","Millions of US dollars, current prices, current PPPs, annual levels, seasonally adjusted","Quarterly","Greece","Q2-2006",302063.49863,
"Gross domestic product - expenditure approach","Millions of US dollars, current prices, current PPPs, annual levels, seasonally adjusted","Quarterly","Greece","Q3-2006",307224.54372,
"Gross domestic product - expenditure approach","Millions of US dollars, current prices, current PPPs, annual levels, seasonally adjusted","Quarterly","Greece","Q4-2006",307041.92272,
"Gross domestic product - expenditure approach","Millions of US dollars, current prices, current PPPs, annual levels, seasonally adjusted","Quarterly","Greece","Q1-2007",311492.66006,
"Gross domestic product - expenditure approach","Millions of US dollars, current prices, current PPPs, annual levels, seasonally adjusted","Quarterly","Greece","Q2-2007",313471.32556,
"Gross domestic product - expenditure approach","Millions of US dollars, current prices, current PPPs, annual levels, seasonally adjusted","Quarterly","Greece","Q3-2007",317792.48236,
"Gross domestic product - expenditure approach","Millions of US dollars, current prices, current PPPs, annual levels, seasonally adjusted","Quarterly","Greece","Q4-2007",322002.67705,
"Gross domestic product - expenditure approach","Millions of US dollars, current prices, current PPPs, annual levels, seasonally adjusted","Quarterly","Greece","Q1-2008",329863.55167,
"Gross domestic product - expenditure approach","Millions of US dollars, current prices, current PPPs, annual levels, seasonally adjusted","Quarterly","Greece","Q2-2008",338246.55534,
"Gross domestic product - expenditure approach","Millions of US dollars, current prices, current PPPs, annual levels, seasonally adjusted","Quarterly","Greece","Q3-2008",344292.03347,
"Gross domestic product - expenditure approach","Millions of US dollars, current prices, current PPPs, annual levels, seasonally adjusted","Quarterly","Greece","Q4-2008",339667.15082,
"Gross domestic product - expenditure approach","Millions of US dollars, current prices, current PPPs, annual levels, seasonally adjusted","Quarterly","Greece","Q1-2009",333847.20959,
"Gross domestic product - expenditure approach","Millions of US dollars, current prices, current PPPs, annual levels, seasonally adjusted","Quarterly","Greece","Q2-2009",328896.61851,
"Gross domestic product - expenditure approach","Millions of US dollars, current prices, current PPPs, annual levels, seasonally adjusted","Quarterly","Greece","Q3-2009",326834.40394,
"Gross domestic product - expenditure approach","Millions of US dollars, current prices, current PPPs, annual levels, seasonally adjusted","Quarterly","Greece","Q4-2009",328858.63963,
"Gross domestic product - expenditure approach","Millions of US dollars, current prices, current PPPs, annual levels, seasonally adjusted","Quarterly","Greece","Q1-2010",324342.96571,
"Gross domestic product - expenditure approach","Millions of US dollars, current prices, current PPPs, annual levels, seasonally adjusted","Quarterly","Greece","Q2-2010",322258.173,
"Gross domestic product - expenditure approach","Millions of US dollars, current prices, current PPPs, annual levels, seasonally adjusted","Quarterly","Greece","Q3-2010",318816.18798,
"Gross domestic product - expenditure approach","Millions of US dollars, current prices, current PPPs, annual levels, seasonally adjusted","Quarterly","Greece","Q4-2010",310170.68533,
"Gross domestic product - expenditure approach","Millions of US dollars, current prices, current PPPs, annual levels, seasonally adjusted","Quarterly","Greece","Q1-2011",311132.33153,E
"Gross fixed capital formation","Millions of US dollars, current prices, current PPPs, annual levels, seasonally adjusted","Quarterly","Greece","Q1-2006",58640.08897,
"Gross fixed capital formation","Millions of US dollars, current prices, current PPPs, annual levels, seasonally adjusted","Quarterly","Greece","Q2-2006",62024.14237,
"Gross fixed capital formation","Millions of US dollars, current prices, current PPPs, annual levels, seasonally adjusted","Quarterly","Greece","Q3-2006",65425.12377,
"Gross fixed capital formation","Millions of US dollars, current prices, current PPPs, annual levels, seasonally adjusted","Quarterly","Greece","Q4-2006",66524.37071,
"Gross fixed capital formation","Millions of US dollars, current prices, current PPPs, annual levels, seasonally adjusted","Quarterly","Greece","Q1-2007",67020.26624,
"Gross fixed capital formation","Millions of US dollars, current prices, current PPPs, annual levels, seasonally adjusted","Quarterly","Greece","Q2-2007",67071.46591,
"Gross fixed capital formation","Millions of US dollars, current prices, current PPPs, annual levels, seasonally adjusted","Quarterly","Greece","Q3-2007",66411.3548,
"Gross fixed capital formation","Millions of US dollars, current prices, current PPPs, annual levels, seasonally adjusted","Quarterly","Greece","Q4-2007",64281.24918,
"Gross fixed capital formation","Millions of US dollars, current prices, current PPPs, annual levels, seasonally adjusted","Quarterly","Greece","Q1-2008",64460.72414,
"Gross fixed capital formation","Millions of US dollars, current prices, current PPPs, annual levels, seasonally adjusted","Quarterly","Greece","Q2-2008",64430.47794,
"Gross fixed capital formation","Millions of US dollars, current prices, current PPPs, annual levels, seasonally adjusted","Quarterly","Greece","Q3-2008",63172.94708,
"Gross fixed capital formation","Millions of US dollars, current prices, current PPPs, annual levels, seasonally adjusted","Quarterly","Greece","Q4-2008",66393.11239,
"Gross fixed capital formation","Millions of US dollars, current prices, current PPPs, annual levels, seasonally adjusted","Quarterly","Greece","Q1-2009",58746.34939,
"Gross fixed capital formation","Millions of US dollars, current prices, current PPPs, annual levels, seasonally adjusted","Quarterly","Greece","Q2-2009",56902.41953,
"Gross fixed capital formation","Millions of US dollars, current prices, current PPPs, annual levels, seasonally adjusted","Quarterly","Greece","Q3-2009",56077.98683,
"Gross fixed capital formation","Millions of US dollars, current prices, current PPPs, annual levels, seasonally adjusted","Quarterly","Greece","Q4-2009",54289.32218,
"Gross fixed capital formation","Millions of US dollars, current prices, current PPPs, annual levels, seasonally adjusted","Quarterly","Greece","Q1-2010",51390.40622,
"Gross fixed capital formation","Millions of US dollars, current prices, current PPPs, annual levels, seasonally adjusted","Quarterly","Greece","Q2-2010",48116.56381,
"Gross fixed capital formation","Millions of US dollars, current prices, current PPPs, annual levels, seasonally adjusted","Quarterly","Greece","Q3-2010",44958.3024,
"Gross fixed capital formation","Millions of US dollars, current prices, current PPPs, annual levels, seasonally adjusted","Quarterly","Greece","Q4-2010",42958.03398,
"Gross fixed capital formation","Millions of US dollars, current prices, current PPPs, annual levels, seasonally adjusted","Quarterly","Greece","Q1-2011",40741.62601,E
"Gross domestic product - expenditure approach","Millions of US dollars, current prices, current PPPs, annual levels, seasonally adjusted","Quarterly","Ireland","Q1-2006",174767.95624,
"Gross domestic product - expenditure approach","Millions of US dollars, current prices, current PPPs, annual levels, seasonally adjusted","Quarterly","Ireland","Q2-2006",178951.86026,
"Gross domestic product - expenditure approach","Millions of US dollars, current prices, current PPPs, annual levels, seasonally adjusted","Quarterly","Ireland","Q3-2006",184305.1599,
"Gross domestic product - expenditure approach","Millions of US dollars, current prices, current PPPs, annual levels, seasonally adjusted","Quarterly","Ireland","Q4-2006",186548.44998,
"Gross domestic product - expenditure approach","Millions of US dollars, current prices, current PPPs, annual levels, seasonally adjusted","Quarterly","Ireland","Q1-2007",198379.08472,
"Gross domestic product - expenditure approach","Millions of US dollars, current prices, current PPPs, annual levels, seasonally adjusted","Quarterly","Ireland","Q2-2007",196726.34805,
"Gross domestic product - expenditure approach","Millions of US dollars, current prices, current PPPs, annual levels, seasonally adjusted","Quarterly","Ireland","Q3-2007",195784.06695,
"Gross domestic product - expenditure approach","Millions of US dollars, current prices, current PPPs, annual levels, seasonally adjusted","Quarterly","Ireland","Q4-2007",202265.67183,
"Gross domestic product - expenditure approach","Millions of US dollars, current prices, current PPPs, annual levels, seasonally adjusted","Quarterly","Ireland","Q1-2008",194416.84539,
"Gross domestic product - expenditure approach","Millions of US dollars, current prices, current PPPs, annual levels, seasonally adjusted","Quarterly","Ireland","Q2-2008",189824.83759,
"Gross domestic product - expenditure approach","Millions of US dollars, current prices, current PPPs, annual levels, seasonally adjusted","Quarterly","Ireland","Q3-2008",191291.94791,
"Gross domestic product - expenditure approach","Millions of US dollars, current prices, current PPPs, annual levels, seasonally adjusted","Quarterly","Ireland","Q4-2008",182310.50764,
"Gross domestic product - expenditure approach","Millions of US dollars, current prices, current PPPs, annual levels, seasonally adjusted","Quarterly","Ireland","Q1-2009",179629.58648,
"Gross domestic product - expenditure approach","Millions of US dollars, current prices, current PPPs, annual levels, seasonally adjusted","Quarterly","Ireland","Q2-2009",177538.44705,
"Gross domestic product - expenditure approach","Millions of US dollars, current prices, current PPPs, annual levels, seasonally adjusted","Quarterly","Ireland","Q3-2009",177909.25482,
"Gross domestic product - expenditure approach","Millions of US dollars, current prices, current PPPs, annual levels, seasonally adjusted","Quarterly","Ireland","Q4-2009",176067.49515,
"Gross domestic product - expenditure approach","Millions of US dollars, current prices, current PPPs, annual levels, seasonally adjusted","Quarterly","Ireland","Q1-2010",180651.75654,
"Gross domestic product - expenditure approach","Millions of US dollars, current prices, current PPPs, annual levels, seasonally adjusted","Quarterly","Ireland","Q2-2010",180107.65008,
"Gross domestic product - expenditure approach","Millions of US dollars, current prices, current PPPs, annual levels, seasonally adjusted","Quarterly","Ireland","Q3-2010",181253.96479,
"Gross domestic product - expenditure approach","Millions of US dollars, current prices, current PPPs, annual levels, seasonally adjusted","Quarterly","Ireland","Q4-2010",179534.72659,
"Gross domestic product - expenditure approach","Millions of US dollars, current prices, current PPPs, annual levels, seasonally adjusted","Quarterly","Ireland","Q1-2011",185728.77361,E
"Gross domestic product - expenditure approach","Millions of US dollars, current prices, current PPPs, annual levels, seasonally adjusted","Quarterly","Ireland","Q2-2011",188102.35317,E
"Gross fixed capital formation","Millions of US dollars, current prices, current PPPs, annual levels, seasonally adjusted","Quarterly","Ireland","Q1-2006",46567.29712,
"Gross fixed capital formation","Millions of US dollars, current prices, current PPPs, annual levels, seasonally adjusted","Quarterly","Ireland","Q2-2006",46603.89215,
"Gross fixed capital formation","Millions of US dollars, current prices, current PPPs, annual levels, seasonally adjusted","Quarterly","Ireland","Q3-2006",50873.17742,
"Gross fixed capital formation","Millions of US dollars, current prices, current PPPs, annual levels, seasonally adjusted","Quarterly","Ireland","Q4-2006",52623.3461,
"Gross fixed capital formation","Millions of US dollars, current prices, current PPPs, annual levels, seasonally adjusted","Quarterly","Ireland","Q1-2007",54995.19943,
"Gross fixed capital formation","Millions of US dollars, current prices, current PPPs, annual levels, seasonally adjusted","Quarterly","Ireland","Q2-2007",49967.61249,
"Gross fixed capital formation","Millions of US dollars, current prices, current PPPs, annual levels, seasonally adjusted","Quarterly","Ireland","Q3-2007",47926.99966,
"Gross fixed capital formation","Millions of US dollars, current prices, current PPPs, annual levels, seasonally adjusted","Quarterly","Ireland","Q4-2007",49390.82374,
"Gross fixed capital formation","Millions of US dollars, current prices, current PPPs, annual levels, seasonally adjusted","Quarterly","Ireland","Q1-2008",48340.78353,
"Gross fixed capital formation","Millions of US dollars, current prices, current PPPs, annual levels, seasonally adjusted","Quarterly","Ireland","Q2-2008",41425.87881,
"Gross fixed capital formation","Millions of US dollars, current prices, current PPPs, annual levels, seasonally adjusted","Quarterly","Ireland","Q3-2008",42230.65636,
"Gross fixed capital formation","Millions of US dollars, current prices, current PPPs, annual levels, seasonally adjusted","Quarterly","Ireland","Q4-2008",33621.75498,
"Gross fixed capital formation","Millions of US dollars, current prices, current PPPs, annual levels, seasonally adjusted","Quarterly","Ireland","Q1-2009",30654.07902,
"Gross fixed capital formation","Millions of US dollars, current prices, current PPPs, annual levels, seasonally adjusted","Quarterly","Ireland","Q2-2009",29304.4924,
"Gross fixed capital formation","Millions of US dollars, current prices, current PPPs, annual levels, seasonally adjusted","Quarterly","Ireland","Q3-2009",26684.07616,
"Gross fixed capital formation","Millions of US dollars, current prices, current PPPs, annual levels, seasonally adjusted","Quarterly","Ireland","Q4-2009",24980.82479,
"Gross fixed capital formation","Millions of US dollars, current prices, current PPPs, annual levels, seasonally adjusted","Quarterly","Ireland","Q1-2010",21664.58925,
"Gross fixed capital formation","Millions of US dollars, current prices, current PPPs, annual levels, seasonally adjusted","Quarterly","Ireland","Q2-2010",23658.24562,
"Gross fixed capital formation","Millions of US dollars, current prices, current PPPs, annual levels, seasonally adjusted","Quarterly","Ireland","Q3-2010",18823.72964,
"Gross fixed capital formation","Millions of US dollars, current prices, current PPPs, annual levels, seasonally adjusted","Quarterly","Ireland","Q4-2010",19180.48035,
"Gross fixed capital formation","Millions of US dollars, current prices, current PPPs, annual levels, seasonally adjusted","Quarterly","Ireland","Q1-2011",19773.34822,E
"Gross fixed capital formation","Millions of US dollars, current prices, current PPPs, annual levels, seasonally adjusted","Quarterly","Ireland","Q2-2011",20444.16715,E
"Gross domestic product - expenditure approach","Millions of US dollars, current prices, current PPPs, annual levels, seasonally adjusted","Quarterly","Italy","Q1-2006",1730753.71213,
"Gross domestic product - expenditure approach","Millions of US dollars, current prices, current PPPs, annual levels, seasonally adjusted","Quarterly","Italy","Q2-2006",1770070.41137,
"Gross domestic product - expenditure approach","Millions of US dollars, current prices, current PPPs, annual levels, seasonally adjusted","Quarterly","Italy","Q3-2006",1800313.10714,
"Gross domestic product - expenditure approach","Millions of US dollars, current prices, current PPPs, annual levels, seasonally adjusted","Quarterly","Italy","Q4-2006",1833356.26102,
"Gross domestic product - expenditure approach","Millions of US dollars, current prices, current PPPs, annual levels, seasonally adjusted","Quarterly","Italy","Q1-2007",1858542.74392,
"Gross domestic product - expenditure approach","Millions of US dollars, current prices, current PPPs, annual levels, seasonally adjusted","Quarterly","Italy","Q2-2007",1882442.14252,
"Gross domestic product - expenditure approach","Millions of US dollars, current prices, current PPPs, annual levels, seasonally adjusted","Quarterly","Italy","Q3-2007",1909605.68834,
"Gross domestic product - expenditure approach","Millions of US dollars, current prices, current PPPs, annual levels, seasonally adjusted","Quarterly","Italy","Q4-2007",1925174.33058,
"Gross domestic product - expenditure approach","Millions of US dollars, current prices, current PPPs, annual levels, seasonally adjusted","Quarterly","Italy","Q1-2008",1966997.68706,
"Gross domestic product - expenditure approach","Millions of US dollars, current prices, current PPPs, annual levels, seasonally adjusted","Quarterly","Italy","Q2-2008",1993381.9299,
"Gross domestic product - expenditure approach","Millions of US dollars, current prices, current PPPs, annual levels, seasonally adjusted","Quarterly","Italy","Q3-2008",2014341.91391,
"Gross domestic product - expenditure approach","Millions of US dollars, current prices, current PPPs, annual levels, seasonally adjusted","Quarterly","Italy","Q4-2008",1987359.62018,
"Gross domestic product - expenditure approach","Millions of US dollars, current prices, current PPPs, annual levels, seasonally adjusted","Quarterly","Italy","Q1-2009",1953491.83691,
"Gross domestic product - expenditure approach","Millions of US dollars, current prices, current PPPs, annual levels, seasonally adjusted","Quarterly","Italy","Q2-2009",1956085.76526,
"Gross domestic product - expenditure approach","Millions of US dollars, current prices, current PPPs, annual levels, seasonally adjusted","Quarterly","Italy","Q3-2009",1959028.66934,
"Gross domestic product - expenditure approach","Millions of US dollars, current prices, current PPPs, annual levels, seasonally adjusted","Quarterly","Italy","Q4-2009",1933367.99252,
"Gross domestic product - expenditure approach","Millions of US dollars, current prices, current PPPs, annual levels, seasonally adjusted","Quarterly","Italy","Q1-2010",1910850.98678,
"Gross domestic product - expenditure approach","Millions of US dollars, current prices, current PPPs, annual levels, seasonally adjusted","Quarterly","Italy","Q2-2010",1904440.39447,
"Gross domestic product - expenditure approach","Millions of US dollars, current prices, current PPPs, annual levels, seasonally adjusted","Quarterly","Italy","Q3-2010",1906047.33856,
"Gross domestic product - expenditure approach","Millions of US dollars, current prices, current PPPs, annual levels, seasonally adjusted","Quarterly","Italy","Q4-2010",1907216.39469,
"Gross domestic product - expenditure approach","Millions of US dollars, current prices, current PPPs, annual levels, seasonally adjusted","Quarterly","Italy","Q1-2011",1929675.12519,E
"Gross domestic product - expenditure approach","Millions of US dollars, current prices, current PPPs, annual levels, seasonally adjusted","Quarterly","Italy","Q2-2011",1941953.47612,E
"Gross fixed capital formation","Millions of US dollars, current prices, current PPPs, annual levels, seasonally adjusted","Quarterly","Italy","Q1-2006",362739.66865,
"Gross fixed capital formation","Millions of US dollars, current prices, current PPPs, annual levels, seasonally adjusted","Quarterly","Italy","Q2-2006",371896.01894,
"Gross fixed capital formation","Millions of US dollars, current prices, current PPPs, annual levels, seasonally adjusted","Quarterly","Italy","Q3-2006",380159.93574,
"Gross fixed capital formation","Millions of US dollars, current prices, current PPPs, annual levels, seasonally adjusted","Quarterly","Italy","Q4-2006",393395.27047,
"Gross fixed capital formation","Millions of US dollars, current prices, current PPPs, annual levels, seasonally adjusted","Quarterly","Italy","Q1-2007",396559.73176,
"Gross fixed capital formation","Millions of US dollars, current prices, current PPPs, annual levels, seasonally adjusted","Quarterly","Italy","Q2-2007",396102.65941,
"Gross fixed capital formation","Millions of US dollars, current prices, current PPPs, annual levels, seasonally adjusted","Quarterly","Italy","Q3-2007",405349.42253,
"Gross fixed capital formation","Millions of US dollars, current prices, current PPPs, annual levels, seasonally adjusted","Quarterly","Italy","Q4-2007",408269.52615,
"Gross fixed capital formation","Millions of US dollars, current prices, current PPPs, annual levels, seasonally adjusted","Quarterly","Italy","Q1-2008",412119.98221,
"Gross fixed capital formation","Millions of US dollars, current prices, current PPPs, annual levels, seasonally adjusted","Quarterly","Italy","Q2-2008",417503.03556,
"Gross fixed capital formation","Millions of US dollars, current prices, current PPPs, annual levels, seasonally adjusted","Quarterly","Italy","Q3-2008",424353.63576,
"Gross fixed capital formation","Millions of US dollars, current prices, current PPPs, annual levels, seasonally adjusted","Quarterly","Italy","Q4-2008",399339.15609,
"Gross fixed capital formation","Millions of US dollars, current prices, current PPPs, annual levels, seasonally adjusted","Quarterly","Italy","Q1-2009",380988.76529,
"Gross fixed capital formation","Millions of US dollars, current prices, current PPPs, annual levels, seasonally adjusted","Quarterly","Italy","Q2-2009",371844.15213,
"Gross fixed capital formation","Millions of US dollars, current prices, current PPPs, annual levels, seasonally adjusted","Quarterly","Italy","Q3-2009",366750.51244,
"Gross fixed capital formation","Millions of US dollars, current prices, current PPPs, annual levels, seasonally adjusted","Quarterly","Italy","Q4-2009",366818.92723,
"Gross fixed capital formation","Millions of US dollars, current prices, current PPPs, annual levels, seasonally adjusted","Quarterly","Italy","Q1-2010",365891.72784,
"Gross fixed capital formation","Millions of US dollars, current prices, current PPPs, annual levels, seasonally adjusted","Quarterly","Italy","Q2-2010",370573.27209,
"Gross fixed capital formation","Millions of US dollars, current prices, current PPPs, annual levels, seasonally adjusted","Quarterly","Italy","Q3-2010",371970.30902,
"Gross fixed capital formation","Millions of US dollars, current prices, current PPPs, annual levels, seasonally adjusted","Quarterly","Italy","Q4-2010",372870.69648,
"Gross fixed capital formation","Millions of US dollars, current prices, current PPPs, annual levels, seasonally adjusted","Quarterly","Italy","Q1-2011",379417.82437,E
"Gross fixed capital formation","Millions of US dollars, current prices, current PPPs, annual levels, seasonally adjusted","Quarterly","Italy","Q2-2011",382047.18405,E
"Gross domestic product - expenditure approach","Millions of US dollars, current prices, current PPPs, annual levels, seasonally adjusted","Quarterly","Luxembourg","Q1-2006",35186.71135,
"Gross domestic product - expenditure approach","Millions of US dollars, current prices, current PPPs, annual levels, seasonally adjusted","Quarterly","Luxembourg","Q2-2006",36375.57381,
"Gross domestic product - expenditure approach","Millions of US dollars, current prices, current PPPs, annual levels, seasonally adjusted","Quarterly","Luxembourg","Q3-2006",37589.29006,
"Gross domestic product - expenditure approach","Millions of US dollars, current prices, current PPPs, annual levels, seasonally adjusted","Quarterly","Luxembourg","Q4-2006",39195.09365,
"Gross domestic product - expenditure approach","Millions of US dollars, current prices, current PPPs, annual levels, seasonally adjusted","Quarterly","Luxembourg","Q1-2007",39380.29218,
"Gross domestic product - expenditure approach","Millions of US dollars, current prices, current PPPs, annual levels, seasonally adjusted","Quarterly","Luxembourg","Q2-2007",40479.61907,
"Gross domestic product - expenditure approach","Millions of US dollars, current prices, current PPPs, annual levels, seasonally adjusted","Quarterly","Luxembourg","Q3-2007",40818.89255,
"Gross domestic product - expenditure approach","Millions of US dollars, current prices, current PPPs, annual levels, seasonally adjusted","Quarterly","Luxembourg","Q4-2007",41640.77078,
"Gross domestic product - expenditure approach","Millions of US dollars, current prices, current PPPs, annual levels, seasonally adjusted","Quarterly","Luxembourg","Q1-2008",43620.50918,
"Gross domestic product - expenditure approach","Millions of US dollars, current prices, current PPPs, annual levels, seasonally adjusted","Quarterly","Luxembourg","Q2-2008",43691.61136,
"Gross domestic product - expenditure approach","Millions of US dollars, current prices, current PPPs, annual levels, seasonally adjusted","Quarterly","Luxembourg","Q3-2008",43932.05551,
"Gross domestic product - expenditure approach","Millions of US dollars, current prices, current PPPs, annual levels, seasonally adjusted","Quarterly","Luxembourg","Q4-2008",43052.98049,
"Gross domestic product - expenditure approach","Millions of US dollars, current prices, current PPPs, annual levels, seasonally adjusted","Quarterly","Luxembourg","Q1-2009",41722.98271,
"Gross domestic product - expenditure approach","Millions of US dollars, current prices, current PPPs, annual levels, seasonally adjusted","Quarterly","Luxembourg","Q2-2009",40746.10505,
"Gross domestic product - expenditure approach","Millions of US dollars, current prices, current PPPs, annual levels, seasonally adjusted","Quarterly","Luxembourg","Q3-2009",41873.62578,
"Gross domestic product - expenditure approach","Millions of US dollars, current prices, current PPPs, annual levels, seasonally adjusted","Quarterly","Luxembourg","Q4-2009",41422.40756,
"Gross domestic product - expenditure approach","Millions of US dollars, current prices, current PPPs, annual levels, seasonally adjusted","Quarterly","Luxembourg","Q1-2010",42394.45804,
"Gross domestic product - expenditure approach","Millions of US dollars, current prices, current PPPs, annual levels, seasonally adjusted","Quarterly","Luxembourg","Q2-2010",43602.54067,
"Gross domestic product - expenditure approach","Millions of US dollars, current prices, current PPPs, annual levels, seasonally adjusted","Quarterly","Luxembourg","Q3-2010",44477.53542,
"Gross domestic product - expenditure approach","Millions of US dollars, current prices, current PPPs, annual levels, seasonally adjusted","Quarterly","Luxembourg","Q4-2010",45318.44556,
"Gross domestic product - expenditure approach","Millions of US dollars, current prices, current PPPs, annual levels, seasonally adjusted","Quarterly","Luxembourg","Q1-2011",45643.44432,E
"Gross domestic product - expenditure approach","Millions of US dollars, current prices, current PPPs, annual levels, seasonally adjusted","Quarterly","Luxembourg","Q2-2011",45696.1056,E
"Gross fixed capital formation","Millions of US dollars, current prices, current PPPs, annual levels, seasonally adjusted","Quarterly","Luxembourg","Q1-2006",6921.0045,
"Gross fixed capital formation","Millions of US dollars, current prices, current PPPs, annual levels, seasonally adjusted","Quarterly","Luxembourg","Q2-2006",7304.51784,
"Gross fixed capital formation","Millions of US dollars, current prices, current PPPs, annual levels, seasonally adjusted","Quarterly","Luxembourg","Q3-2006",6856.7382,
"Gross fixed capital formation","Millions of US dollars, current prices, current PPPs, annual levels, seasonally adjusted","Quarterly","Luxembourg","Q4-2006",7387.06949,
"Gross fixed capital formation","Millions of US dollars, current prices, current PPPs, annual levels, seasonally adjusted","Quarterly","Luxembourg","Q1-2007",8076.29105,
"Gross fixed capital formation","Millions of US dollars, current prices, current PPPs, annual levels, seasonally adjusted","Quarterly","Luxembourg","Q2-2007",8688.50615,
"Gross fixed capital formation","Millions of US dollars, current prices, current PPPs, annual levels, seasonally adjusted","Quarterly","Luxembourg","Q3-2007",8658.83821,
"Gross fixed capital formation","Millions of US dollars, current prices, current PPPs, annual levels, seasonally adjusted","Quarterly","Luxembourg","Q4-2007",8238.89862,
"Gross fixed capital formation","Millions of US dollars, current prices, current PPPs, annual levels, seasonally adjusted","Quarterly","Luxembourg","Q1-2008",8345.18604,
"Gross fixed capital formation","Millions of US dollars, current prices, current PPPs, annual levels, seasonally adjusted","Quarterly","Luxembourg","Q2-2008",8736.76546,
"Gross fixed capital formation","Millions of US dollars, current prices, current PPPs, annual levels, seasonally adjusted","Quarterly","Luxembourg","Q3-2008",9710.31386,
"Gross fixed capital formation","Millions of US dollars, current prices, current PPPs, annual levels, seasonally adjusted","Quarterly","Luxembourg","Q4-2008",9337.89334,
"Gross fixed capital formation","Millions of US dollars, current prices, current PPPs, annual levels, seasonally adjusted","Quarterly","Luxembourg","Q1-2009",8646.71615,
"Gross fixed capital formation","Millions of US dollars, current prices, current PPPs, annual levels, seasonally adjusted","Quarterly","Luxembourg","Q2-2009",7642.09956,
"Gross fixed capital formation","Millions of US dollars, current prices, current PPPs, annual levels, seasonally adjusted","Quarterly","Luxembourg","Q3-2009",7358.30311,
"Gross fixed capital formation","Millions of US dollars, current prices, current PPPs, annual levels, seasonally adjusted","Quarterly","Luxembourg","Q4-2009",8031.1589,
"Gross fixed capital formation","Millions of US dollars, current prices, current PPPs, annual levels, seasonally adjusted","Quarterly","Luxembourg","Q1-2010",7847.03117,
"Gross fixed capital formation","Millions of US dollars, current prices, current PPPs, annual levels, seasonally adjusted","Quarterly","Luxembourg","Q2-2010",8147.6677,
"Gross fixed capital formation","Millions of US dollars, current prices, current PPPs, annual levels, seasonally adjusted","Quarterly","Luxembourg","Q3-2010",8064.33677,
"Gross fixed capital formation","Millions of US dollars, current prices, current PPPs, annual levels, seasonally adjusted","Quarterly","Luxembourg","Q4-2010",8280.61674,
"Gross fixed capital formation","Millions of US dollars, current prices, current PPPs, annual levels, seasonally adjusted","Quarterly","Luxembourg","Q1-2011",8246.24596,E
"Gross fixed capital formation","Millions of US dollars, current prices, current PPPs, annual levels, seasonally adjusted","Quarterly","Luxembourg","Q2-2011",8463.71904,E
"Gross domestic product - expenditure approach","Millions of US dollars, current prices, current PPPs, annual levels, seasonally adjusted","Quarterly","Netherlands","Q1-2006",603395.52264,
"Gross domestic product - expenditure approach","Millions of US dollars, current prices, current PPPs, annual levels, seasonally adjusted","Quarterly","Netherlands","Q2-2006",622666.04936,
"Gross domestic product - expenditure approach","Millions of US dollars, current prices, current PPPs, annual levels, seasonally adjusted","Quarterly","Netherlands","Q3-2006",629539.10274,
"Gross domestic product - expenditure approach","Millions of US dollars, current prices, current PPPs, annual levels, seasonally adjusted","Quarterly","Netherlands","Q4-2006",635315.21075,
"Gross domestic product - expenditure approach","Millions of US dollars, current prices, current PPPs, annual levels, seasonally adjusted","Quarterly","Netherlands","Q1-2007",650769.53702,
"Gross domestic product - expenditure approach","Millions of US dollars, current prices, current PPPs, annual levels, seasonally adjusted","Quarterly","Netherlands","Q2-2007",660145.36498,
"Gross domestic product - expenditure approach","Millions of US dollars, current prices, current PPPs, annual levels, seasonally adjusted","Quarterly","Netherlands","Q3-2007",673608.28252,
"Gross domestic product - expenditure approach","Millions of US dollars, current prices, current PPPs, annual levels, seasonally adjusted","Quarterly","Netherlands","Q4-2007",687546.91904,
"Gross domestic product - expenditure approach","Millions of US dollars, current prices, current PPPs, annual levels, seasonally adjusted","Quarterly","Netherlands","Q1-2008",698279.68998,
"Gross domestic product - expenditure approach","Millions of US dollars, current prices, current PPPs, annual levels, seasonally adjusted","Quarterly","Netherlands","Q2-2008",705877.43077,
"Gross domestic product - expenditure approach","Millions of US dollars, current prices, current PPPs, annual levels, seasonally adjusted","Quarterly","Netherlands","Q3-2008",712847.19512,
"Gross domestic product - expenditure approach","Millions of US dollars, current prices, current PPPs, annual levels, seasonally adjusted","Quarterly","Netherlands","Q4-2008",696449.21637,
"Gross domestic product - expenditure approach","Millions of US dollars, current prices, current PPPs, annual levels, seasonally adjusted","Quarterly","Netherlands","Q1-2009",675934.86113,
"Gross domestic product - expenditure approach","Millions of US dollars, current prices, current PPPs, annual levels, seasonally adjusted","Quarterly","Netherlands","Q2-2009",666190.18431,
"Gross domestic product - expenditure approach","Millions of US dollars, current prices, current PPPs, annual levels, seasonally adjusted","Quarterly","Netherlands","Q3-2009",673982.8313,
"Gross domestic product - expenditure approach","Millions of US dollars, current prices, current PPPs, annual levels, seasonally adjusted","Quarterly","Netherlands","Q4-2009",678935.04307,
"Gross domestic product - expenditure approach","Millions of US dollars, current prices, current PPPs, annual levels, seasonally adjusted","Quarterly","Netherlands","Q1-2010",685328.13975,
"Gross domestic product - expenditure approach","Millions of US dollars, current prices, current PPPs, annual levels, seasonally adjusted","Quarterly","Netherlands","Q2-2010",699497.97796,
"Gross domestic product - expenditure approach","Millions of US dollars, current prices, current PPPs, annual levels, seasonally adjusted","Quarterly","Netherlands","Q3-2010",709036.3361,
"Gross domestic product - expenditure approach","Millions of US dollars, current prices, current PPPs, annual levels, seasonally adjusted","Quarterly","Netherlands","Q4-2010",713916.91558,
"Gross domestic product - expenditure approach","Millions of US dollars, current prices, current PPPs, annual levels, seasonally adjusted","Quarterly","Netherlands","Q1-2011",732276.68413,E
"Gross domestic product - expenditure approach","Millions of US dollars, current prices, current PPPs, annual levels, seasonally adjusted","Quarterly","Netherlands","Q2-2011",732088.4513,E
"Gross domestic product - expenditure approach","Millions of US dollars, current prices, current PPPs, annual levels, seasonally adjusted","Quarterly","Netherlands","Q3-2011",731441.79825,E
"Gross fixed capital formation","Millions of US dollars, current prices, current PPPs, annual levels, seasonally adjusted","Quarterly","Netherlands","Q1-2006",114333.1035,
"Gross fixed capital formation","Millions of US dollars, current prices, current PPPs, annual levels, seasonally adjusted","Quarterly","Netherlands","Q2-2006",120148.85498,
"Gross fixed capital formation","Millions of US dollars, current prices, current PPPs, annual levels, seasonally adjusted","Quarterly","Netherlands","Q3-2006",125331.51952,
"Gross fixed capital formation","Millions of US dollars, current prices, current PPPs, annual levels, seasonally adjusted","Quarterly","Netherlands","Q4-2006",130210.65342,
"Gross fixed capital formation","Millions of US dollars, current prices, current PPPs, annual levels, seasonally adjusted","Quarterly","Netherlands","Q1-2007",131382.98749,
"Gross fixed capital formation","Millions of US dollars, current prices, current PPPs, annual levels, seasonally adjusted","Quarterly","Netherlands","Q2-2007",129212.00818,
"Gross fixed capital formation","Millions of US dollars, current prices, current PPPs, annual levels, seasonally adjusted","Quarterly","Netherlands","Q3-2007",134449.2859,
"Gross fixed capital formation","Millions of US dollars, current prices, current PPPs, annual levels, seasonally adjusted","Quarterly","Netherlands","Q4-2007",138814.28056,
"Gross fixed capital formation","Millions of US dollars, current prices, current PPPs, annual levels, seasonally adjusted","Quarterly","Netherlands","Q1-2008",142661.79247,
"Gross fixed capital formation","Millions of US dollars, current prices, current PPPs, annual levels, seasonally adjusted","Quarterly","Netherlands","Q2-2008",145324.98542,
"Gross fixed capital formation","Millions of US dollars, current prices, current PPPs, annual levels, seasonally adjusted","Quarterly","Netherlands","Q3-2008",147618.41273,
"Gross fixed capital formation","Millions of US dollars, current prices, current PPPs, annual levels, seasonally adjusted","Quarterly","Netherlands","Q4-2008",140849.16808,
"Gross fixed capital formation","Millions of US dollars, current prices, current PPPs, annual levels, seasonally adjusted","Quarterly","Netherlands","Q1-2009",137336.29019,
"Gross fixed capital formation","Millions of US dollars, current prices, current PPPs, annual levels, seasonally adjusted","Quarterly","Netherlands","Q2-2009",131440.61857,
"Gross fixed capital formation","Millions of US dollars, current prices, current PPPs, annual levels, seasonally adjusted","Quarterly","Netherlands","Q3-2009",129991.88914,
"Gross fixed capital formation","Millions of US dollars, current prices, current PPPs, annual levels, seasonally adjusted","Quarterly","Netherlands","Q4-2009",125031.83614,
"Gross fixed capital formation","Millions of US dollars, current prices, current PPPs, annual levels, seasonally adjusted","Quarterly","Netherlands","Q1-2010",124387.34205,
"Gross fixed capital formation","Millions of US dollars, current prices, current PPPs, annual levels, seasonally adjusted","Quarterly","Netherlands","Q2-2010",129149.76138,
"Gross fixed capital formation","Millions of US dollars, current prices, current PPPs, annual levels, seasonally adjusted","Quarterly","Netherlands","Q3-2010",129280.41238,
"Gross fixed capital formation","Millions of US dollars, current prices, current PPPs, annual levels, seasonally adjusted","Quarterly","Netherlands","Q4-2010",128767.82459,
"Gross fixed capital formation","Millions of US dollars, current prices, current PPPs, annual levels, seasonally adjusted","Quarterly","Netherlands","Q1-2011",140444.17551,E
"Gross fixed capital formation","Millions of US dollars, current prices, current PPPs, annual levels, seasonally adjusted","Quarterly","Netherlands","Q2-2011",137039.50541,E
"Gross fixed capital formation","Millions of US dollars, current prices, current PPPs, annual levels, seasonally adjusted","Quarterly","Netherlands","Q3-2011",133772.62221,E
"Gross domestic product - expenditure approach","Millions of US dollars, current prices, current PPPs, annual levels, seasonally adjusted","Quarterly","Portugal","Q1-2006",236616.38398,
"Gross domestic product - expenditure approach","Millions of US dollars, current prices, current PPPs, annual levels, seasonally adjusted","Quarterly","Portugal","Q2-2006",240950.94966,
"Gross domestic product - expenditure approach","Millions of US dollars, current prices, current PPPs, annual levels, seasonally adjusted","Quarterly","Portugal","Q3-2006",243527.6866,
"Gross domestic product - expenditure approach","Millions of US dollars, current prices, current PPPs, annual levels, seasonally adjusted","Quarterly","Portugal","Q4-2006",247202.97468,
"Gross domestic product - expenditure approach","Millions of US dollars, current prices, current PPPs, annual levels, seasonally adjusted","Quarterly","Portugal","Q1-2007",253561.98418,
"Gross domestic product - expenditure approach","Millions of US dollars, current prices, current PPPs, annual levels, seasonally adjusted","Quarterly","Portugal","Q2-2007",255672.92226,
"Gross domestic product - expenditure approach","Millions of US dollars, current prices, current PPPs, annual levels, seasonally adjusted","Quarterly","Portugal","Q3-2007",257130.07512,
"Gross domestic product - expenditure approach","Millions of US dollars, current prices, current PPPs, annual levels, seasonally adjusted","Quarterly","Portugal","Q4-2007",260798.73798,
"Gross domestic product - expenditure approach","Millions of US dollars, current prices, current PPPs, annual levels, seasonally adjusted","Quarterly","Portugal","Q1-2008",262310.54987,
"Gross domestic product - expenditure approach","Millions of US dollars, current prices, current PPPs, annual levels, seasonally adjusted","Quarterly","Portugal","Q2-2008",264996.43281,
"Gross domestic product - expenditure approach","Millions of US dollars, current prices, current PPPs, annual levels, seasonally adjusted","Quarterly","Portugal","Q3-2008",267920.77685,
"Gross domestic product - expenditure approach","Millions of US dollars, current prices, current PPPs, annual levels, seasonally adjusted","Quarterly","Portugal","Q4-2008",265227.29695,
"Gross domestic product - expenditure approach","Millions of US dollars, current prices, current PPPs, annual levels, seasonally adjusted","Quarterly","Portugal","Q1-2009",262851.34644,
"Gross domestic product - expenditure approach","Millions of US dollars, current prices, current PPPs, annual levels, seasonally adjusted","Quarterly","Portugal","Q2-2009",266408.70001,
"Gross domestic product - expenditure approach","Millions of US dollars, current prices, current PPPs, annual levels, seasonally adjusted","Quarterly","Portugal","Q3-2009",268846.96346,
"Gross domestic product - expenditure approach","Millions of US dollars, current prices, current PPPs, annual levels, seasonally adjusted","Quarterly","Portugal","Q4-2009",267491.53831,
"Gross domestic product - expenditure approach","Millions of US dollars, current prices, current PPPs, annual levels, seasonally adjusted","Quarterly","Portugal","Q1-2010",270012.02129,
"Gross domestic product - expenditure approach","Millions of US dollars, current prices, current PPPs, annual levels, seasonally adjusted","Quarterly","Portugal","Q2-2010",272315.59458,
"Gross domestic product - expenditure approach","Millions of US dollars, current prices, current PPPs, annual levels, seasonally adjusted","Quarterly","Portugal","Q3-2010",274469.75541,
"Gross domestic product - expenditure approach","Millions of US dollars, current prices, current PPPs, annual levels, seasonally adjusted","Quarterly","Portugal","Q4-2010",273467.44628,
"Gross domestic product - expenditure approach","Millions of US dollars, current prices, current PPPs, annual levels, seasonally adjusted","Quarterly","Portugal","Q1-2011",274563.94017,E
"Gross domestic product - expenditure approach","Millions of US dollars, current prices, current PPPs, annual levels, seasonally adjusted","Quarterly","Portugal","Q2-2011",272691.13165,E
"Gross fixed capital formation","Millions of US dollars, current prices, current PPPs, annual levels, seasonally adjusted","Quarterly","Portugal","Q1-2006",54637.64841,
"Gross fixed capital formation","Millions of US dollars, current prices, current PPPs, annual levels, seasonally adjusted","Quarterly","Portugal","Q2-2006",54893.12256,
"Gross fixed capital formation","Millions of US dollars, current prices, current PPPs, annual levels, seasonally adjusted","Quarterly","Portugal","Q3-2006",53767.09506,
"Gross fixed capital formation","Millions of US dollars, current prices, current PPPs, annual levels, seasonally adjusted","Quarterly","Portugal","Q4-2006",53517.3889,
"Gross fixed capital formation","Millions of US dollars, current prices, current PPPs, annual levels, seasonally adjusted","Quarterly","Portugal","Q1-2007",56317.32256,
"Gross fixed capital formation","Millions of US dollars, current prices, current PPPs, annual levels, seasonally adjusted","Quarterly","Portugal","Q2-2007",56023.6162,
"Gross fixed capital formation","Millions of US dollars, current prices, current PPPs, annual levels, seasonally adjusted","Quarterly","Portugal","Q3-2007",56820.23415,
"Gross fixed capital formation","Millions of US dollars, current prices, current PPPs, annual levels, seasonally adjusted","Quarterly","Portugal","Q4-2007",59115.18264,
"Gross fixed capital formation","Millions of US dollars, current prices, current PPPs, annual levels, seasonally adjusted","Quarterly","Portugal","Q1-2008",59810.01272,
"Gross fixed capital formation","Millions of US dollars, current prices, current PPPs, annual levels, seasonally adjusted","Quarterly","Portugal","Q2-2008",60829.01967,
"Gross fixed capital formation","Millions of US dollars, current prices, current PPPs, annual levels, seasonally adjusted","Quarterly","Portugal","Q3-2008",60452.16409,
"Gross fixed capital formation","Millions of US dollars, current prices, current PPPs, annual levels, seasonally adjusted","Quarterly","Portugal","Q4-2008",57093.76701,
"Gross fixed capital formation","Millions of US dollars, current prices, current PPPs, annual levels, seasonally adjusted","Quarterly","Portugal","Q1-2009",52967.61136,
"Gross fixed capital formation","Millions of US dollars, current prices, current PPPs, annual levels, seasonally adjusted","Quarterly","Portugal","Q2-2009",53560.09139,
"Gross fixed capital formation","Millions of US dollars, current prices, current PPPs, annual levels, seasonally adjusted","Quarterly","Portugal","Q3-2009",55123.4558,
"Gross fixed capital formation","Millions of US dollars, current prices, current PPPs, annual levels, seasonally adjusted","Quarterly","Portugal","Q4-2009",50419.19598,
"Gross fixed capital formation","Millions of US dollars, current prices, current PPPs, annual levels, seasonally adjusted","Quarterly","Portugal","Q1-2010",52557.91695,
"Gross fixed capital formation","Millions of US dollars, current prices, current PPPs, annual levels, seasonally adjusted","Quarterly","Portugal","Q2-2010",52323.16236,
"Gross fixed capital formation","Millions of US dollars, current prices, current PPPs, annual levels, seasonally adjusted","Quarterly","Portugal","Q3-2010",51839.07525,
"Gross fixed capital formation","Millions of US dollars, current prices, current PPPs, annual levels, seasonally adjusted","Quarterly","Portugal","Q4-2010",50091.40275,
"Gross fixed capital formation","Millions of US dollars, current prices, current PPPs, annual levels, seasonally adjusted","Quarterly","Portugal","Q1-2011",51034.91986,E
"Gross fixed capital formation","Millions of US dollars, current prices, current PPPs, annual levels, seasonally adjusted","Quarterly","Portugal","Q2-2011",47752.09539,E
"Gross domestic product - expenditure approach","Millions of US dollars, current prices, current PPPs, annual levels, seasonally adjusted","Quarterly","Spain","Q1-2006",1283444.21868,
"Gross domestic product - expenditure approach","Millions of US dollars, current prices, current PPPs, annual levels, seasonally adjusted","Quarterly","Spain","Q2-2006",1326816.34616,
"Gross domestic product - expenditure approach","Millions of US dollars, current prices, current PPPs, annual levels, seasonally adjusted","Quarterly","Spain","Q3-2006",1361963.5301,
"Gross domestic product - expenditure approach","Millions of US dollars, current prices, current PPPs, annual levels, seasonally adjusted","Quarterly","Spain","Q4-2006",1385419.28318,
"Gross domestic product - expenditure approach","Millions of US dollars, current prices, current PPPs, annual levels, seasonally adjusted","Quarterly","Spain","Q1-2007",1412654.75911,
"Gross domestic product - expenditure approach","Millions of US dollars, current prices, current PPPs, annual levels, seasonally adjusted","Quarterly","Spain","Q2-2007",1436799.37252,
"Gross domestic product - expenditure approach","Millions of US dollars, current prices, current PPPs, annual levels, seasonally adjusted","Quarterly","Spain","Q3-2007",1459999.33161,
"Gross domestic product - expenditure approach","Millions of US dollars, current prices, current PPPs, annual levels, seasonally adjusted","Quarterly","Spain","Q4-2007",1477564.8274,
"Gross domestic product - expenditure approach","Millions of US dollars, current prices, current PPPs, annual levels, seasonally adjusted","Quarterly","Spain","Q1-2008",1498282.23565,
"Gross domestic product - expenditure approach","Millions of US dollars, current prices, current PPPs, annual levels, seasonally adjusted","Quarterly","Spain","Q2-2008",1516624.93378,
"Gross domestic product - expenditure approach","Millions of US dollars, current prices, current PPPs, annual levels, seasonally adjusted","Quarterly","Spain","Q3-2008",1525501.04962,
"Gross domestic product - expenditure approach","Millions of US dollars, current prices, current PPPs, annual levels, seasonally adjusted","Quarterly","Spain","Q4-2008",1507618.94775,
"Gross domestic product - expenditure approach","Millions of US dollars, current prices, current PPPs, annual levels, seasonally adjusted","Quarterly","Spain","Q1-2009",1489820.79051,
"Gross domestic product - expenditure approach","Millions of US dollars, current prices, current PPPs, annual levels, seasonally adjusted","Quarterly","Spain","Q2-2009",1472497.82417,
"Gross domestic product - expenditure approach","Millions of US dollars, current prices, current PPPs, annual levels, seasonally adjusted","Quarterly","Spain","Q3-2009",1468860.64811,
"Gross domestic product - expenditure approach","Millions of US dollars, current prices, current PPPs, annual levels, seasonally adjusted","Quarterly","Spain","Q4-2009",1458989.43177,
"Gross domestic product - expenditure approach","Millions of US dollars, current prices, current PPPs, annual levels, seasonally adjusted","Quarterly","Spain","Q1-2010",1454287.16162,
"Gross domestic product - expenditure approach","Millions of US dollars, current prices, current PPPs, annual levels, seasonally adjusted","Quarterly","Spain","Q2-2010",1462149.0409,
"Gross domestic product - expenditure approach","Millions of US dollars, current prices, current PPPs, annual levels, seasonally adjusted","Quarterly","Spain","Q3-2010",1463780.66211,
"Gross domestic product - expenditure approach","Millions of US dollars, current prices, current PPPs, annual levels, seasonally adjusted","Quarterly","Spain","Q4-2010",1468527.45912,
"Gross domestic product - expenditure approach","Millions of US dollars, current prices, current PPPs, annual levels, seasonally adjusted","Quarterly","Spain","Q1-2011",1486942.09886,E
"Gross domestic product - expenditure approach","Millions of US dollars, current prices, current PPPs, annual levels, seasonally adjusted","Quarterly","Spain","Q2-2011",1497916.32589,E
"Gross domestic product - expenditure approach","Millions of US dollars, current prices, current PPPs, annual levels, seasonally adjusted","Quarterly","Spain","Q3-2011",1500754.71556,E
"Gross fixed capital formation","Millions of US dollars, current prices, current PPPs, annual levels, seasonally adjusted","Quarterly","Spain","Q1-2006",389301.09956,
"Gross fixed capital formation","Millions of US dollars, current prices, current PPPs, annual levels, seasonally adjusted","Quarterly","Spain","Q2-2006",404598.87425,
"Gross fixed capital formation","Millions of US dollars, current prices, current PPPs, annual levels, seasonally adjusted","Quarterly","Spain","Q3-2006",415381.32744,
"Gross fixed capital formation","Millions of US dollars, current prices, current PPPs, annual levels, seasonally adjusted","Quarterly","Spain","Q4-2006",428524.52944,
"Gross fixed capital formation","Millions of US dollars, current prices, current PPPs, annual levels, seasonally adjusted","Quarterly","Spain","Q1-2007",436797.50937,
"Gross fixed capital formation","Millions of US dollars, current prices, current PPPs, annual levels, seasonally adjusted","Quarterly","Spain","Q2-2007",442934.60146,
"Gross fixed capital formation","Millions of US dollars, current prices, current PPPs, annual levels, seasonally adjusted","Quarterly","Spain","Q3-2007",443784.4581,
"Gross fixed capital formation","Millions of US dollars, current prices, current PPPs, annual levels, seasonally adjusted","Quarterly","Spain","Q4-2007",452506.69766,
"Gross fixed capital formation","Millions of US dollars, current prices, current PPPs, annual levels, seasonally adjusted","Quarterly","Spain","Q1-2008",447724.83696,
"Gross fixed capital formation","Millions of US dollars, current prices, current PPPs, annual levels, seasonally adjusted","Quarterly","Spain","Q2-2008",445649.36265,
"Gross fixed capital formation","Millions of US dollars, current prices, current PPPs, annual levels, seasonally adjusted","Quarterly","Spain","Q3-2008",432860.52424,
"Gross fixed capital formation","Millions of US dollars, current prices, current PPPs, annual levels, seasonally adjusted","Quarterly","Spain","Q4-2008",408406.23715,
"Gross fixed capital formation","Millions of US dollars, current prices, current PPPs, annual levels, seasonally adjusted","Quarterly","Spain","Q1-2009",378374.94832,
"Gross fixed capital formation","Millions of US dollars, current prices, current PPPs, annual levels, seasonally adjusted","Quarterly","Spain","Q2-2009",350653.6235,
"Gross fixed capital formation","Millions of US dollars, current prices, current PPPs, annual levels, seasonally adjusted","Quarterly","Spain","Q3-2009",345442.82133,
"Gross fixed capital formation","Millions of US dollars, current prices, current PPPs, annual levels, seasonally adjusted","Quarterly","Spain","Q4-2009",339205.26534,
"Gross fixed capital formation","Millions of US dollars, current prices, current PPPs, annual levels, seasonally adjusted","Quarterly","Spain","Q1-2010",337267.42687,
"Gross fixed capital formation","Millions of US dollars, current prices, current PPPs, annual levels, seasonally adjusted","Quarterly","Spain","Q2-2010",339909.74236,
"Gross fixed capital formation","Millions of US dollars, current prices, current PPPs, annual levels, seasonally adjusted","Quarterly","Spain","Q3-2010",331574.47152,
"Gross fixed capital formation","Millions of US dollars, current prices, current PPPs, annual levels, seasonally adjusted","Quarterly","Spain","Q4-2010",328055.52652,
"Gross fixed capital formation","Millions of US dollars, current prices, current PPPs, annual levels, seasonally adjusted","Quarterly","Spain","Q1-2011",328931.67548,E
"Gross fixed capital formation","Millions of US dollars, current prices, current PPPs, annual levels, seasonally adjusted","Quarterly","Spain","Q2-2011",328170.75255,E
"Gross fixed capital formation","Millions of US dollars, current prices, current PPPs, annual levels, seasonally adjusted","Quarterly","Spain","Q3-2011",324205.08459,E
